ContractNo,RCnumber,material,Chassisno,CustomerName,EngineNo
5002065771,BR24P8714,TATAMAGIC8SEAT,MAT445501GVF28726,AKSHAYKUMAR,275IDI06FTYS65638
5002082347,BR24P9018,TATAMAGIC8SEAT,MAT445501GVG33595,SUNILKUMAR,275IDI06GTYS76362
5002106256,BR24GA5499,LPT3118TC,MAT466429GHG10403,MDEZHARALAM,S03082461F84319775
5002106258,BR24GA5501,LPT3118TC,MAT466429GHG10357,MDEZHARALAM,S03082461F84319144
5002113956,BR02GA2469,LPS4018,MAT447224G1H19614,MUNNAKHAN,B591803261G63536360
5002120368,BR03GA2197,ACEMEGA,MAT535002GVF28246,RAMADHARSINGH,8LTDICRAIL06FTYS64516
5002128336,BR25G6152,LPK1618TC,MAT449020G2J21282,SIYASHARANYADAV,B591803261J63545761
5002142467,UP67T8993,XENONPICKUP,MAT524005GSF05026,SHIVNARAYANYADAV,497SPTC43FTY619932
5002159981,BR24GA5903,ACEMEGA,MAT445554GZJ32823,KRISHNACHAUDHARI,275IDI06HTYS93091
5002220575,BR02GA4383,LPK2518TC,MAT448181H3B04217,DINESHYADAV,B591803271B63577101
5002230304,BR45P3070,LP909,MAT454152H7B02799,BEDPRAKASHSINGH,497TC70BSY805849
5002230306,BR45P3074,LP909,MAT454152H7B03066,BEDPRAKASHSINGH,497TC70BSY806412
5002249664,BR25G6957,LPT1613,MAT373370G2F14505,GOPALSHARMA,697TC69FTY107647
5002257599,BR25G6919,LPK1615,MAT395090G2H19721,RAVINDRAPRASAD,B591553161H63542192
5002259916,UP67T9591,XENONPICKUP,MAT524002GSD03934,SANJAYPASWAN,497SPTC43DTY615127
5002284490,BR24P9928,LP712,MAT513055HFD03957,ROHITKUMARGUPTA,497TC41DSY811522
5002285925,BR02GA8283,LPT3718TC,MAT541024H1D08570,ANILSINGH,SBE591804071D63591967
5002294562,BR24GA7243,LPK3118TC,MAT466131H3E11690,ANUJKUMAR,SBE591804071E63596100
5002315969,BR24P9937,LP912,MAT514004H7E07175,DIWAKARKUMAR,497TC41ESY815001
5002317436,UP67AT0053,LPT3718TC,MAT541024H1G13252,MUNNAPAL,SBE591804071G63606808
5002320014,BR24GA7475,TATA207DIRX,MAT478014HSD03711,RAMESHSINGH,4SPCR10DSY612210
5002320716,BR24GA7620,ACEZIPXL,MAT491014H6D06609,SANTOSHSINH,G600WIVDS7C8688715
5002321117,BR24P9842,MAGICMANTRA,MAT445164HVD17823,SHYAMNARAYANPRADHAN,8LTDICRAIL08DSYS39991
5002328425,BR24GA7627,ACEMEGAXL,MAT535051HZF23893,AFJALALEE,8LTDICRAIL08FSYS65097
5002328577,BR24P9950,TATAMAGIC8SEAT,MAT445502HVD18023,RAMPRAVESHSINGH,275IDI07DSYS40529
5002329953,BR24GA7277,LPK3118TC,MAT466131H3F15184,SIDHNATHPRASAD,SBE591804071F63603007
5002331009,BR24P9951,MAGICEXPRESS,MAT445163HVF29283,JAYPRAKASHSINGH,8LTDICRAIL08FSYS66312
5002332199,BR45P3237,TATAMAGIC8SEAT,MAT445502HVD18033,SANJEETKUMARSINGH,275IDI07DSYS40543
5002333446,BR24P9889,MAGICMANTRA,MAT445164HVF28707,DHANANJAYKUMARSINGH,8LTDICRAIL08FSYS64996
5002336360,BR02GA6166,LPS4923TC,MAT704106H3H20678,ABHISHEKKUMARGUPTA,SBE592304071H63615881
5002340449,BR24GA7880,ACEZIPXL,MAT491014H6E08839,RAJUGUPTA,G600WIVDS7E8701125
5002341712,BR24P9884,MAGICMANTRA,MAT445164HVG29714,SRIRAMSINGH,8LTDICRAIL08GSYS68189
5002352852,BR02PA5104,LPO1515TC,MAT476107H0F06058,ABHAYKUMARSINGH,71F84392641
5002358511,BR24GA9644,LPT3718TC,MAT541024H1H16787,ARAVINDTIVARI,SBE591804071H63617003
5002359361,BR24U8687,LPT3718TC,MAT541024H1H15169,JAGDISHSINGH,SBE591804071H63612032
5002360439,BR24PA0182,TATAMAGIC8SEAT,MAT445502HVG32878,RAGHWENDRARAY,275IDI07GSYS74699
5002364231,BR24PA0356,TATAMAGIC8SEAT,MAT445164HVG30691,ARIFRAJA,8LTDICRAIL08FSYS67592
5002376086,UP65FT6357,LPT3718TC,MAT541024H1H16381,PARAMANANDJAYASAVAL,SBE591804071H63615839
5002376964,UP65FT6358,LPT3718TC,MAT541024H1H16398,PRINCEKUMARJAISWAL,SBE591804071H63615592
5002378608,BR24GA7927,LPT3718TC,MAT541024H1J18708,DHANAJISINGH,SBE591804071J63622393
5002378630,BR24PA0203,MAGICEXPRESS,MAT445163HVH37951,ADITYARAJ,8LTDICRAIL08HSYS87656
5002378640,BR24U5487,LPK3118TC,MAT466131H3H19313,VIRENDRASINGH,SBE591804071H63612821
5002378650,BR24GA7893,LPK3118TC,MAT466131H3H19315,GHURASINGHYADAV,SBE591804071H63613483
5002392945,BR24GA8091,ACEXL,MAT445483HVG31347,KUNDANKUMAR,275IDI07GSYS72112
5002402328,BR24GA8093,XENONYODHA,MAT464607HSG07947,KOSHALSINGH,4SPCR10GSY623697
5002402995,BR24GA9022,207DI,MAT478014HSH10256,BINODCHAUDHARI,4SPCR10HSY629983
5002413995,BR24PA0453,LP410,MAT512005HFB01620,GIRISHNARAYANRAY,497TC42BSY804550
5002414676,BR24PA0389,MAGICEXPRESS,MAT445163HVK46206,PANKAJRANJAN,8LTDICRAIL08KSYSA4493
5002415112,BR45G9156,TATAACEEX,MAT445076HZG28742,SURENDRAPRASADGUPTA,275IDI07GSYS78457
5002416587,BR24GA9371,ACEMEGAXL,MAT535051HYK18049,BHAGWANPRASAD,8LTDICRAIL08KSYSA5335
5002422408,BR24GA8302,ACEMEGAXL,MAT535051HZG26202,ANNPURNADEVI,8LTDICRAIL08GSYS71433
5002426138,BR24PA5259,LPT3718TC,MAT541024H1K20298,SHIVJISINGH,ISBE591804071J6362695
5002431503,BR02GA6713,LPK3118TC,MAT466131H3K26385,DINESHYADAV,SBE591804071K63631414
5002431717,BR02GA7698,ACEHT,MAT445553HVK46638,CHITRANJANSHARMA,275IDI07KSYSA5461
5002435338,BR24GA8679,LPT3718TC,MAT541024H1N23338,VRIJBIHARISINGH,SBE591804071L3635181
5002437758,BR24PA7451,LPT3718TC,MAT541024H1N23220,DHANANJAYKUMAR,SBE591804071L63634789
5002441310,BR02PA5682,TATAMAGIC8SEAT,MAT445502HVF27926,BIRENDRAPRASADYADAV,275IDI07FSYS64002
5002456414,BR24GA8805,LPT3718TC,MAT541024H1N25524,UMESHPRASADSINGH,SBE591804071L63641303
5002463134,BR24GA8802,ACEMEGAXL,MAT535051HYJ16317,MUNNACHAUDHARI,8LTDICRAIL08JSYS96319
5002478356,BR02GA7504,ACEHTBSIVHD,MAT445238HZK40001,SINDHUDEVI,275IDI07KSYSB4213
5002502996,BR02GA8146,LPT3718TC,MAT541024H1P29906,NAJRUKHAN,SBE591804071M63653045
5002504287,BR24PA0588,MAGICEXPRESS,MAT445163HVN3220,AKHILESHWARPRATAPSINGH,8LTDICRAIL08NSYSC0316
5002507243,BR24GA9373,ACE,MAT445483HVK45892,JITENDRASINGH,275IDI07JSYSA4038
5002507346,BR24GA9377,ACEMEGAXL,MAT535051HZP49910,VIKASKUMAR,8LTDICRAIL08PSYSD9485
5002508150,BR24GA9505,207DI,MAT478014HSN14917,JITANKUMAR,4SPCR10NSY643578
5002509049,BR03GA5559,ACEMEGAXL,MAT535051HZK39743,ANILSINGH,8LTDICRAIL08KSYSB1907
5002511813,BR24GA9440,LPT3718TC,MAT541024H1P29907,PREMCHANDRAKUMAR,SBE591804071M63653337
5002511881,BR02GA8380,ACEMEGA,MAT535001HZN45294,AJAYKUMARGUPTA,8LTDICRAIL08NSYSC8011
5002512146,BR26GA1579,SFC407PICKUP,MAT505262H8E09473,MOHAMMADNAIMKURAISI,4SPCR11ESY615804
5002514057,BR02PA6266,MAGICEXPRESS,MAT445163HVN53634,PANKAJSINGH,8LTDICRAIL08NSYSC1562
5002519500,BR45GA0825,ACE,MAT445553HVH36188,RAKESHSHAH,275IDI07HSYS83517
5002523296,BR24GB0209,ACEMEGAXL,MAT535051JYA00588,SANJAYSINGH,8LTDICRAIL08ARYS02018
5002525959,BR24GB0246,ACE,MAT445483HZK37038,MANTUYADAV,275IDI07JSYS99642
5002528272,BR24GB0599,ACEMEGAXL,MAT535051JYA00553,UMESHKUMAR,8LTDICRAIL08ARYS00145
5002542495,BR02GA9371,XENONYODHA,MAT464607JSA00732,RAHULKUMAR,4SPCR10ARY602764
5002542607,BR45GA0824,ACEHT,MAT445553HVH36191,BRAHMAPRASAD,275IDI07HSYS83510
5002547993,BR02PA7294,MAGICEXPRESS,MAT445163JVA00188,UPENDRASINGH,8LTDICRAIL08PSYSE6325
5002552493,BR45GA1519,TATA207DIRX,MAT478014JSB01616,ANILPRAJAPATI,4SPCR10BRY606732
5002556843,BR24GB0194,LPS4923TC,MAT704108J2B03234,SIDHNATHPRASAD,SBE592304081B63666512
5002557031,BR24GB0116,LPK3118TC,MAT466094H3P33380,SATENDRASINGH,SBE591804071M63650824
5002577461,BR02PA6962,MAGICEXPRESS,MAT445163HVJ42632,GAURIDEVI,8LTDICRAIL08JSYS97686
5002582685,BR02GA9800,ACEMEGA,MAT535001JYA00076,MADHUMKUMARYADAV,8LTDICRAIL08PSYSE2840
5002584355,BR24GB7195,ACE,MAT445483JVB10959,RAJESHSAH,275IDI07BRYS25943
5002585262,BR02GA9565,TATAACEEX,MAT445076JZB13548,VIDYASHREEKUMARI,275IDI07BRYS31291
5002586865,BR02GB1586,TATAACEEX,MAT445076JZB13589,NAGENDRAVISHWKARMA,275IDI07BRYS32093
5002592714,BR24GB0426,LPT3718TC,MAT541089J1C07967,ALOKKUMAR,SBE591804081C63674425
5002600687,BR24GB0495,LPK3118TC,MAT466458J3C08853,SHASHIKANTSINGH,59B4S180K181C63677482
5002601692,BR02GB4254,TATAACEEX,MAT445076JZC16424,NARENDRAKUMAR,275IDI07CRYS37086
5002602349,BR02GA9539,LPT3718TC,MAT541089J1C09618,BIJAYKUMAR,SBE591804081C63678520
5002611319,BR02GA9866,ACEHTBSIVHD,MAT445238JZC15139,NARENDRAKUMAR,275IDI07CRYS36192
5002611976,JH03U9017,LPK2518TC,MAT448856J3B04309,CHANDANSINGH,59B4S180K181B63665897
5002614225,BR02GA9538,LPS4923TC,MAT704108J2C07278,JYOTISHANKARSINGH,SBE592304081C63679691
5002614247,BR24GB0596,ACEHT,MAT445553JZC14659,ARVINDKUMAR,275IDI07CRYS35001
5002614565,BR02GB0299,TATAACEEX,MAT445076JZC16527,SANJAYKUMAR,275IDI07CRYS39001
5002615230,BR02GA9865,TATAACEEX,MAT445076JZC20391,MAHESHKUMAR,275IDI07CRYS48608
5002619948,BR02GA9868,TATAACEEX,MAT445076JZC21016,KUNALKUMAR,275IDI07CRYS49260
5002620051,BR24GB0846,ACEMEGAXL,MAT535051JZA06863,VIVEKKUMAR,8LTDICRAIL08ARYS15911
5002620666,BR24GB0544,TATAACEEX,MAT445076JZC19625,HIRALALSINGH,275IDI07CRYS46130
5002620828,UP67AT1772,ACEXL,MAT445483JZC19260,SUHAILTANVEER,275IDI07CRYS45723
5002625713,BR02GB0968,TATAACEEX,MAT445076JZC19715,AJITKUMAR,275IDI07CRYS47055
5002631356,BR02GB0928,ACEXL,MAT445483JZC21656,SHIVAMKUMAR,275IDI07CRYS51787
5002633650,BR24GB0791,SIGNA3718,MAT541062J3B05306,PRABHATKUMAR,SBE591804081B63667995
5002636139,BR02GB1366,ACEMEGA,MAT535001JZA00095,UMESHKUMARGUPTA,8LTDICRAIL08PSYSE4632
5002636756,BR24GB0794,SIGNA3718,MAT541061J3C08280,RAGHWENDRAKUMARSINGH,SBE591804081C63676051
5002638648,BR02GB0201,LPT3118TC,MAT466621J5C09206,HARIYADAV,81B84456047
5002664857,BR24GB1438,ACEMEGAXL,MAT535051JZC18668,MANTUKUMAR,8LTDICRAIL08CRYS44152
5002674661,BR02GB1953,ACEMEGA,MAT535001JYA01540,REKHADEVI,8LTDICRAIL08ARYS07782
5002675173,JH03U9311,LPK2518HD,MAT448856J3C08698,RANENDRANILABH,59B4S180K181C63677126
5002683351,UP64AT4248,LPS4018TC,MAT447264JAE10880,ANILKUMAR,81D84470008
5002684123,BR24PA1003,MAGICEXPRESS,MAT445163JVD27076,GANESHSAH,8LTDICRAIL08DRYS65150
5002684540,BR24GB2127,ACEMEGA,MAT535051JYD10782,DHARMENDRAPASWAN,8LTDICRAIL08DRYS63568
5002687174,BR45P3723,MAGICEXPRESS,MAT445164JVA00426,VIMALRAM,8LTDICRAIL08PSYSE7359
5002707299,BR45P3908,MAGICEXPRESS,MAT445163JVD25273,MARKANDEYSINGH,8LTDICRAIL08DRYS60586
5002711463,BR24GB1994,LPT3718TC,MAT541109J1E15987,ASTBHUJACONSTRUCTION,59B4S180T181E63694420
5002716114,BR27G5012,LPT3718TC,MAT541109J1E17270,BIRAJUPRASADYADAV,59B4S180T181E63697558
5002721910,UP67AT1952,XENONYODHA,MAT464602JSE07450,VIKASKUMARYADAV,4SPCR10ERY624878
5002722572,UP65GT7038,LPT3718TC,MAT541068J1E17720,MANOJKUMARSINGH,SBE591804081E63697956
5002723807,BR24GB8911,LPT3718TC,MAT541068J1E17721,NIRAJKUMARSINGH,SBE591804081E63698857
5002761054,BR24GB2459,LPT3718TC,MAT5441109J1F20748,VIKASKUMARMEHTA,59B4S180T181F63706559
5002764765,BR24GB4455,LPK3118TC,MAT466458J3F19648,ADITYAKUMAR,59B4S180K181F63705567
5002766357,BR27G5612,SIGNA3718,MAT541093J1H23907,SUNNYYADAV,SBE591804081G63710782
5002782122,BR02PA8374,MAGICEXPRESS,MAT445163JVG48351,SUNITAKUMARI,8LTDICRAIL08GRYSB5039
5002784311,UP67AT5300,LPT3718TC,MAT541109J1G22731,MADANSINGHYADAV,59B4S180T181G63712380
5002787507,BR24GB2377,LPT3718TC,MAT541068J1G22608,SANJEETKUMARSINGH,SBE591804081G63712472
5002796794,UP67AT2310,LPT3718TC,MAT541109J1H24989,KAMALESSINGH,59B4S180T181H63721697
5002800779,BR24GB5451,LPT3718TC,MAT541109J1H24956,SUJEETKUMAR,59B4S180T171H63721617
5002801870,BR26GA5313,LPK2518TC,MAT448856J3G22054,DILKUMARSINGH,59B4S180K181G63711584
5002804279,BR02GB1878,LPK3118TC,MAT466458J3G23997,RAMEKBALYADAV,59B4S180K181G63716064
5002816569,BR02GB5602,TATAACEEX,MAT445076JZE32018,NARENDRAKUMAR,275IDI07ERYS74861
5002827792,BR24GB3312,LPT3718TC,MAT541068J3J30497,MUNNAKUMARYADAV,SBE591804081J63732249
5002830925,BR45GA3024,LPT3718TC,MAT541068J1H25898,AMARSINGH,SBE591804081H63723729
5002833493,BR02PA8398,MAGICMANTRA,MAT445164JVG43507,SHASHIRANJANKUMAR,8LTDICRAIL08GRYSA1697
5002834455,BR21GB9966,LPT3718TC,MAT541109J3G23798,RAJAKUMARYADAV,59B4S180T181G63713685
5002834742,BR24GB3182,ACEMEGA,MAT535001JZG45355,MANOJKUMARSINGH,8LTDICRAIL08GRYSB0361
5002851014,,MAGICEXPRESS,MAT445163JVH56056,MULAYAMSINGH,8LTDICRAIL08HRYSD3796
5002854097,BR03PA6822,MAGICEXPRESS,MAT445163JVG48423,TONIKUMARPANDEY,8LTDICRAIL08GRYSB5050
5002858517,BR45GA3143,LPT3718TC,MAT541109J1J27951,PANKAJKUMARSINGH,59B4S180T181J63727255
5002858519,BR45GA3144,LPT3718TC,MAT541109J1J27949,PANKAJKUMARSINGH,59B4S180T181J63727930
5002864629,BR45GA3243,LPT3718TC,MAT541109J1J27914,MANISHKUMARSINGH,59B4S180T181J63728790
5002871258,,TATAMAGIC8SEAT,MAT445502JVH52251,SURENDRAYADAV,275IDI07HRYSC4173
5002871367,,MAGICEXPRESS,MAT445163JVJ58969,MAHENDRASINGH,8LTDICRAIL08JRYSE0862
5002882868,AR15N1154,ACEMAGICHT6+1,MAT445502JVJ59033,ASHOKKUMAR,275IDI07JRYSE1086
5002883070,BR02GB3770,ACEGOLD,MAT445075JVJ57710,ARUNMEHTA,275IDI07JRYSD7946
5002886604,BR02PA9886,MAGICEXPRESS,MAT445163JVH55763,SUJEETKUMAR,8LTDICRAIL08HRYSD2335
5002886645,BR02GB4179,TATA207DIRX,MAT478014JSG11577,MDSERAJ,4SPCR10GRY638731
5002888080,BR01GH4803,207DI,MAT464602JSG12668,AVINASHSINGH,4SPCR10GRY640624
5002893877,BR45GA3974,ACEMEGAXL,MAT535051JZJ60761,KHUTURCHAUDHRI,8LTDICRAIL08JRYSE8638
5002894901,,TATAMAGIC8SEAT,MAT445502JVK69828,MALTIDEVI,275IDI07KRYSG3609
5002917341,BR03GA8157,ACEMEGA,MAT535051JYK27371,AMITYADAV,8LTDICRAIL08KRYSG9528
5002929517,BR02GB3282,LPS4923TC,MAT704131JAH17068,ABHAYKUMARSINGH,81G84803381
5002962817,BR02PB0131,ACEMAGICHT6+1,MAT445075JVN72654,RANJITPASWAN,275IDI07KRYSG5122
5002972134,BR02GB4239,ACEGOLD,MAT445075JYN28893,DAWARIKAYADAV,275IDI07NRYSH8707
5002979719,BR24PA1923,MAGICEXPRESS,MAT445163JVP78633,AJAYKUMARSINGH,LTDICCRAIL08NRYSJ7415
5002981644,BR02PB0340,MAGICEXPRESS,MAT445163JVP83408,MOHAMADREYAJAUDIN,8LTDICRAIL08PRYSK1845
5003000279,UP65HT7131,ACEXL,MAT445483KVA03526,SAMRATKUMARJAISWAL,275IDI07APYS08195
5003012232,BR24GB5621,ACEGOLD,MAT445075JZN75596,RAJESHKUMARSINGH,275IDI07NRYSJ5530
5003014003,BR24PA2712,MAGICEXPRESS,MAT445163KVA00922,PASWANKISHOREKUMAR,8LTDICRAIL08APYS00276
5003015640,BR02PB0141,ACEMAGICHT6+1,MAT445502JVN73899,GAUTAMKUMAR,275IDI07NRYSH6685
5003022416,BR26PA4454,LP912,MAT514004K7B03944,JAYANTPRAKASH,497TC41BPY806189
5003042293,BR02PB1721,ACEMAGICHT6+1,MAT445502JVJ59332,VIVEKANANDKUMAR,275IDI07JRYSE0656
5003064934,BR24GB5887,ACEXL,MAT445483KZC14589,SANJAYKUMARSINGH,275IDI07CPYS35341
5003075002,BR24PA2489,MAGICEXPRESS,MAT445163KVB11149,SADAFNAZ,8LTDICRAIL08BPYS26588
5003077766,BR26PA5223,MAGICMANTRA,MAT445164JVP81706,RAMSWAROOPYADAV,8LTDICRAIL08PRYSK5007
5003083392,,TATAMAGIC8SEAT,MAT445502KVB08242,RAKESHKUMAR,275IDI07BPYS18935
5003088191,,MAGICEXPRESS,MAT445163KVC16044,HARERAMPRASAD,8LTDICRAIL08CPYS38417
5003106838,BR24GB9745,TATALPT2818CR,MAT448641K5C06614,AJEETKUMARSINGH,91C84868451
5003107061,BR24PA2341,MAGICEXPRESS,MAT445171KVD26284,MANIKCHANDRACHAUBEY,8LTDICRAIL08DPYS63297
5003110216,BR24PA3703,LP912,MAT514004K7C04981,BABUALI,497TC41BPY807345
5003151491,BR24PA3696,MAGICEXPRESS,MAT445171KVE31939,AKHILESHYADAV,8LTDICRAIL08EPYS73266
5003177863,BR31GB2586,TATALPT1512,MAT554001K7B03433,DIPAKKUMAR,497TC41BPY805104
5003197962,BR02GB5755,ACEGOLD,MAT445075KVH45681,ARJUNKUMAR,275IDI07HPYSB2279
5003227664,BR02GB6120,ACEMEGAXL,MAT535051KZF37851,SANTUKUMAR,8LTDICRAIL08FPYS94044
5003237670,BR02GB6189,ACEHTBS111HD,MAT445238KZG38906,GOPALYADAV,275IDI07FPYS97743
5003247811,BR26GA8143,ACEGOLD,MAT445075KVK57516,NARESHMISTRI,275IDI07KPYSD4188
5003268011,BR24PA3842,LP410,MAT512005KFK14458,AMITKUMARPANDEY,497TC42KPY832159
5003273521,BR02GB6801,ACEXL,MAT445483KZK49868,SHAMBHUSAW,275IDI07KPYSE1981
5003309766,BR02PB3870,MAGICEXPRESS,MAT445175KVF41338,DHARMENDRAKUMAR,8LTDICRAIL08FPYS96793
5003318047,BR24PA3625,MAGICEXPRESS,MAT445175KVF41323,VINDHYACHALSINGH,8LTDICRAIL08FPYS96898
5003320344,BR24GB7261,ACEXL,MAT445483KVP71309,KANCHANGUPTA,275IDI07PPYSH1297
5003321972,BR24GB7250,ACEXL,MAT445483KVP70386,RAVINDRAKUMARSINGH,275IDI07PPYSG9404
5003342926,BR24PA3626,MAGICEXPRESSM2,MAT445172KVP73654,NAYANPRASADCHANDRAVANSHI,8LTDICRAIL08PPYSH4629
5003403361,BR24GB3099,LPT3718TC,MAT541109J1J27675,SHASHIKUMARSAURABH,59B4S180T181J63727148
5003404952,BR02GB4905,ACEHTBSIVHD,MAT445238KVC17094,MITHLESHKUMAR,275IDI07CPYS41515
5003405355,BR02PA8339,ACEMAGICHT6+1,MAT445502JVF34412,MUNESHARYADAV,275IDI07ERYS82120
5003405731,BR24GB8884,LPT3718TC,MAT541109J1K31831,BHISHAMKUMAR,59B4S180T181K63739277
5003405938,BR02PA8375,ACEMAGICHT6+1,MAT445502JVG48253,SHASHIBHUSHANKUMAR,275IDI07GRYSB4978
5003407993,BR02GA9422,ACEMEGA,MAT535001HZK38445,GUDDUKUMAR,8LTDCRAIL08KSYSA9637
5003408575,BR02GB5708,ACEGOLD,MAT445075KZE34107,SUNILKUMARKESHRI,275IDI07EPYS81377
5003411344,BR02PA6484,MAGICMANTRA,MAT445164HVP60241,PRABHATKUMAR,8LTDICRAIL08PSYSD7145
5003412378,BR24GB5848,ACEGOLD,MAT445075KZC20162,RAJUTIWARI,275IDI07CPYS47852
5003430247,,FAST_TRACK_PKUP,,RISHIKESHKUMAR,
5003449709,,FAST_TRACK_PKUP,,BHUSHANKUMARSHARMA,
5003463057,BR02GA9958,ACEHTBSIVHD,MAT445238JZC15048,SUMANKUMARCHUNCHUN,275IDI07CRYS35845
5003476440,BR02GA9960,TATAACEEX,MAT445076JZC16407,MOHAMMADAMIRAKHTAR,275IDI07CRYS39004
5003476551,BR26PA5221,MAGICEXPRESS,MAT445163JVH54386,GAYITRIDEVI,8LTDICRAIL08HRYSC9167
5003476732,UP67AT5366,TATAMAGIC8SEAT,MAT445502JVH54590,DHARMENDARGOND,275IDI07HRYSC9847
5003477090,BR02PB0138,MAGICEXPRESS,MAT445163JVK68209,SACHINKUMARVARMA,8LTDCRAIL08KRYSG3125
5003477358,BR02GB4732,ACEGOLD,MAT445075KYD08230,RAMESHKUMAR,275IDI07DPYS51610
5003477574,BR02PB0912,MAGICMANTRA,MAT445164JVP81768,MAHESHYADAV,8LTDICRAIL08PRYSK4500
5003482886,BR24GB5793,ACE,MAT445238KZA04021,RAJENDRARAM,275IDI07ARYS09949
5003483315,BR24PA1892,LP912,MAT514004J7B02759,OMPRAKASHRAY,497TC41BRY804288
5003483332,BR26GA8534,ACEHT,MAT445553JVP84342,MUKESHCHOUBEY,275IDI07PRYSL1694
5003484460,BR45P3014,TATAMAGIC8SEAT,MAT445501HVA02705,RAMPRAVESHSHARMA,275IDI06ASYS05121
5003484739,BR24GB5991,TATAACEEX,MAT445076JZP81021,DHANANJAYKUMAR,275IDI07PRYSK8489
5003486109,BR02PA7492,ACEMAGICHT6+1,MAT445502JVE32304,KANHIYABHARDWAJ,275IDI07ERYS69889
5003488327,BR24PA3716,MAGICEXPRESS,MAT445163KVC19509,HARISHANKARPANDEY,8LTDICRAIL08CPYS47198
5003488497,BR45P3235,TATAMAGIC8SEAT,MAT445502HVG33554,ISRARALAM,275IDI07GSYS77169
5003489130,BR02PA7641,MAGICEXPRESS,MAT445163JVD23647,DHANANJAYKUMAR,8LTDICRAIL08DRYS56700
5003489513,BR02PA8373,MAGICMANTRA,MAT445164JVB10617,ALAMGEERKHAN,8LTDICRAIL08BRYS24794
5003490175,UP67AT2584,LPT3718TC,MAT541068J1H25763,DEEPAKKUMARSINGH,SBE591804081H63723551
5003490405,BR02PB0248,MAGICEXPRESS,MAT445163JVP81152,VIMALKUMAR,8LTDICRAIL08PRYSK4229
5003493787,BR02GB0980,SUPERACEMINT,MAT483173HYJ17309,AJAYYADAV,14CRAIL10JSYS96476
5003493929,BR02PA6787,MAGICEXPRESS,MAT445163JVA04816,MDNEHALKHAN,8LTDICRAIL08ARYS10629
5003495716,BR24PA0977,MAGICEXPRESS,MAT445163HVK50221,RATANKUMARSINGH,8LTDICRAIL08KSYSB3612
5003495872,BR45P3279,MAGICEXPRESS,MAT445163HVJ41174,PRAVEENKUMARSINGH,8LTDICRAIL08JSYS94552
5003495939,BR45GA3550,SIGNA4923,MAT704131JAH17035,VINODKUMARSINGH,81G84802329
5003496658,UP67AT3995,XENONYODHA,MAT464602JSF09147,NEJAMUDDINANSARI,4SPCR10FRY631640
5003497522,BR24GB0603,ACEMEGAXL,MAT535051JZB13015,DHARMENDRAKUMAR,8LTDICRAIL08BRYS30390
5003499654,BR02PA8337,ACEMAGICHT6+1,MAT445502JVG48303,JAMILAHMAD,275IDI07GRYSB4392
5003499668,BR02PA8335,ACEMAGICHT6+1,MAT445502JVG48641,MITHUNKUMAR,275IDI07GRYSB5787
5003500035,BR45P4118,MAGICMANTRA,MAT445164JVJ56615,NAEMANSARI,8LTDICRAIL08JRYSD4253
5003500169,BR02GB4928,LPT709,MAT506211K8A00462,SHIVDAYALSINGH,497TC41APY800631
5003500846,BR02PA8619,MAGICMANTRA,MAT445164JVG43888,NIRAJKUMAR,8LTDICRAIL08GRYSA2985
5003503518,BR02GA9445,ACEHTBSIVHD,MAT445238JVA03639,UMESHKUMAR,275IDI07ARYS08568
5003506419,BR24GA9353,ACEMEGAXL,MAT535051HYP23125,VINODSINGH,8LTDICRAIL08PSYSD3485
5003506512,BR02GB4162,ACEHTBSIVHD,MAT445238KVA02779,SHANKARPRASADTHATHERA,275IDI07APYS06571
5003506729,BR24GB0255,TATAACEEX,MAT445076HZN42724,DASHRATHYADAV,275IDI07NSYSB8987
5003509161,BR24GB3417,LPS4923TC,MAT704131JAH17085,UDAYSINGH,81G84802925
5003509317,BR03PA9481,MAGICEXPRESS,MAT445163JVN75942,AKHLESHKUMAR,8LTDICRAIL08NRYSJ1638
5003509381,JH03W1737,LPK2518HD,MAT448210J3J29636,ARVINDSINGH,59B4S180K181J63729664
5003510347,UP65GT1254,LPT3718TC,MAT541068J1A02303,VINODKUMARSINGH,SBE591804081A63660269
5003510355,BR24GB7071,LPT3718TC,MAT541068J1H25796,SACHIN.,SBE591804081H63723632
5003513967,BR26GA5389,LPT3718TC,MAT541068J3J30119,RAJOOKUMAR,SBE591804081J63731259
5003517273,BR02PA8275,MAGICEXPRESS,MAT445163JVE29301,PAPPUKUMAR,8LTDICRAIL08ERYS70871
5003519978,BR02GB2334,XENONYODHA,MAT464607JSF10337,MDMUNNA,4SPCR10FRY635225
5003521036,BR24GB3745,LPK2518TC,MAT448210J3E16198,MANOJKUMARRAMAN,59B4S180K181E63695797
5003521426,BR02PA7226,TATAMAGIC7SEAT,MAT445502JVA03896,LAKSHMANYADAV,275IDI07ARYS07171
5003522312,BR02PA8511,MAGICMANTRA,MAT445164JVE32003,BIRENDRAPRASAD,8LTDICRAIL08ERYS73076
5003522885,BR02PA7628,MAGICEXPRESS,MAT445163JVD23418,PRAHLADSINGH,8LTDICRAIL08DRYS56228
5003523086,BR01GF5112,LPK2518HD,MAT448182G2G17544,SAROJDEVI,B591803261G63535546
5003524060,BR02PB1592,MAGICEXPRESS,MAT445163KVC19944,VINODKUMARYADAV,8LTDICRAIL08CPYS47910
5003524083,BR24PA3767,TATAMAGIC7SEAT,MAT445502JVJ58169,DINESHSINGH,275IDI07JRYSD5706
5003524844,BR26PA5580,MAGICEXPRESS,MAT445163JVD25367,SHANKARKUMAR,8LTDICRAIL08DRYS61042
5003524944,BR24PA0954,MAGICEXPRESS,MAT445163JVD22026,RAMESHYADAV,8LTDICRAIL08DRYS52040
5003526304,BR24GA7476,LPT3718TC,MAT541024H1G14837,RAVINDRASINGH,SBE591804071G63611413
5003526375,BR24GB5488,XENONYODHA,MAT464602JSH13919,DHARMENDRAPRATAP,4SPCR10HRY644869
5003526514,BR45GA3605,ACEHTBSIVHD,MAT445553JVF37093,DASHARATHRAM,275IDI07FRYS87468
5003527628,BR03GB0298,ACEMEGAXL,MAT535051KZC14622,MANISHSINGH,8LTDICRAIL08CPYS35128
5003527674,JH02AX3650,LPK3118TC,MAT466458J1N35576,ROUSHANKUMAR,59B4S180K181L63751402
5003527777,BR45GA3347,LPT3718TC,MAT541109J1J28030,OMPRAKASHPANDEY,59B4S180T181J63728983
5003527782,BR02PA6166,MAGICEXPRESS,MAT445163HVN53618,HARICHARANYADAV,8LTDICRAIL08NSYSC1565
5003527811,BR24PA3242,MAGICEXPRESS,MAT445163JVP78669,JITENDRAKUMARDUBEY,8LTDICRAIL08NRYSJ7587
5003528024,BR02GA8923,ACEMEGA,MAT535001HYN20687,USHADEVI,8LTDICRAIL08NSYSC0223
5003528118,BR02GA9788,207,MAT478014JSC02884,UDAYSAW,4SPCR10CRY611656
5003528166,BR24GA7858,ACEMEGA,MAT535001HYE09395,PRDEEPKUMAR,8LTDICRAIL08ESYS54764
5003528360,BR45P3343,TATAMAGIC8SEAT,MAT445502HVE21187,SHUKARRAM,275IDI07ESYS48121
5003528654,BR02GA7961,TATAACEEX,MAT445076HZN43768,ABHIMANYUKUMARSINGH,275IDI07NSYSC3884
5003529135,BR25G6968,LPT1613,MAT373370G2J21069,RANJITKUMAR,697TC69JTY111255
5003529249,BR02PA6118,MAGICEXPRESS,MAT445163HVP60034,RAMKISHOREKUMAR,8LTDICRAIL08PSYSD6592
5003530104,BR03GA8590,SFC407PICKUP,MAT505266J8A00117,ANJAYYADAV,4SPCR11ARY600004
5003530245,BR26GA5637,LPK2518HD,MAT448856J3G22840,KISHANKUMARSINGH,59B4S180K181G63713291
5003530413,BR02PA6015,MAGICEXPRESS,MAT445163HVK50132,UPENDRAYADAV,8LTDICRAIL08KSYSB2177
5003530694,BR44GA0196,LPT3718TC,MAT541109J1F20974,DHANAJIYADAV,59B4S180T181F63707706
5003530829,BR24GB0597,ACEXL,MAT445483JZC14888,GHYASUDDINKHAN,275IDI07CRYS35472
5003531782,JH13F5243,LPK3118TIPPER,MAT466458J3G21658,K&KSUPPLIER,59B4S1S0K181G63710425
5003531815,BR45P4474,MAGICEXPRESS,MAT445163KVB11341,BABULALRAM,LTDICRAIL08BPYS27375
5003531862,BR45P2977,TATAMAGIC8SEAT,MAT445501GVH41536,KANCHANDEVI,275IDI06HTYS90641
5003531991,BR45P3342,TATAMAGIC8SEAT,MAT445502HVE21179,PRAMODSINGH,275IDI07ESYS48128
5003532012,BR01GF5237,ACEMEGA,MAT535002GVJ46812,TANWEERALAM,8LTDICRAIL06JTYSA1433
5003532058,BR02GB4163,ACEGOLD,MAT445075JVJ58244,KRISHNASAV,275IDI07JRYSD9148
5003532183,BR24P8825,LP407,MAT455109GFG07160,ARJUNSINGH,497SP68FTY618941
5003532216,BR24GA7204,ACEGOLD,MAT535001HZD14301,RAMDULARRAM,8LTDICRAIL08CSYS34504
5003532371,UP67AT2291,LPT3718TC,MAT541109J1G22479,AJEETKUMAR,59B4S180K181G63712391
5003533041,BR45P3098,TATAMAGIC8SEAT,MAT445501HVB07174,VIJAYSHANKARSINGH,275IDI06BSYS14812
5003533403,BR02PA5828,MAGICMANTRA,MAT445164HVJ44656,TIRPURARIKUMAR,8LTDICRAIL08JSYSA1610
5003533815,JH03T1620,LPK2518TC,MAT448803H3N30085,AMBRISHKUMARSINGH,SBE591804071L63641648
5003533822,UP67AT2314,LPT3718TC,MAT541109J1G22729,GUDDUSINGH,59B4S180T181G63711601
5003534233,UP67AT1577,MAGICMANTRA,MAT445163HVP59023,KAVITADEVI,8LTDICRAIL08PSYSD3764
5003534415,BR02GB3638,LPK3118TIPPER,MAT466458J3P39009,GAURAVRAJ,59B4S180K181L63748772
5003534457,BR24GB3257,LPT3718TC,MAT541109J1J27642,SANTOSHKUMARPANDE,59B4S180T181J63727958
5003534734,BR26GA6739,LPT3718TC,MAT541068K1C06169,SURENDRASINH,91804091C63773965
5003536553,BR05MSME0000,ACEGOLD,,BHAGWANBIND,
5003537463,BR09MSME0000,TATAMAGIC8SEAT,,MANJUDEVI,
5003541235,BR24GA8357,LPT3718TC,MAT541024H1K20197,ABHISHEKKUMARSINGH,SBE591804071J63626784
5003541241,BR24GA8343,LPT3718TC,MAT541024H1G13257,ABHISHEKKUMARSINGH,SBE591804071G63607053
5003541955,,FAST_TRACK_PKUP,,SADDAMKHAN,
5003548383,BR25GA0794,LPT3718TC,MAT541109J1K31492,RAJDEBPRASAD,59B4S180T181K63738514
5003556319,,FAST_TRACK_PKUP,,RAKESHPASI,
5003572067,BR02GB2703,ACEMEGAXL,MAT535051JYH21893,SHRWANKUMARMANDAL,8LTDICRAIL08HRYSD2404
5003572297,BR02PA5676,LP712,MAT513301HFJ09639,BHUNESHVARYADAV,4SPCR11HSY628978
5003574972,BR24GB7916,ACEMEGAXL,MAT535051JYK25904,PINTUKUMAR,8LTDICRAIL08KRYSF9057
5003574983,BR26PA5917,ACEMAGICHT6+1,MAT445502KVA05002,RISHIKESHKUMAR,275IDI07APYS11922
5003575993,BR45P3548,TATAMAGIC8SEAT,MAT445502HVP60320,RAKESHKUMARCHAUDHRI,275IDI07PSYSD7269
5003575997,BR24PA2221,MAGICEXPRESS,MAT445163KVA02815,AJITABHKUMARPATHAK,8LTDICRAIL08APYS05987
5003576015,BR02PB1613,ACEMAGICHT6+1,MAT445502KVA04882,RAUSHANBHARDWAJ,275IDI07APYS11727
5003576045,BR24GB3858,LPK3118TC,MAT466458J3G21739,SANJAYBIND,59B4S180K181G63710659
5003576092,BR02PA6913,TATAMAGIC8SEAT,MAT445502HVG34196,KAMTAYADAV,275IDI07GSYS78570
5003576226,BR24GB7861,XENONYODHA,MAT464607KSC03803,SHREENIVASRAM,4SPCR10CPY613067
5003576302,BR02PB0223,MAGICEXPRESS,MAT445163KVB08188,LALUKUMAR,8LTDICRAIL08BPYS19779
5003576923,BR02PB1609,ACEMAGICHT6+1,MAT445502KVC15470,DINESHKUMAR,275IDI07CPYS34022
5003577257,BR26PA6333,ACEMAGICHT6+1,MAT445502KVA05159,AJAYKUMARYADAV,275IDI07PRYSL1063
5003577396,BR24GB2914,ACEHT,MAT445553JVE33053,RANASHASHIKUMARSINGH,275IDI07ERYS78862
5003578641,BR02PA7211,ACEMAGICHT6+1,MAT445502JVC19829,MANISHKUMAR,275IDI07CRYS46671
5003578880,BR02GA8692,ACEMEGA,MAT535001HYN22119,RAVINDRAKUMARGUPTA,8LTDICRAIL08NSYSC8373
5003579116,BR02GB5564,ACEHT,MAT445553JVP83033,KALAWATIDEVI,275IDI07PRYSK8660
5003579130,BR02PA8493,MAGICEXPRESS,MAT445163JVG48367,SAURAVKUMAR,8LTDICRAIL08GRYSB4645
5003579812,BR25GA0236,LPT1613TC,MAT373408J2E10921,SHASHISHANKARKUMAR,CRI675ERY104611
5003580274,BR24PA3709,WINGERSCHOOLCV,MAT460091JUG04190,AMARJEETSINGH,22LDICOR11GRYJ14212
5003580757,BR03GA8726,XENONYODHA,MAT464602JSG11712,PURNVASIPRASAD,4SPCR10GRY639092
5003581822,BR24GB5478,SIGNA4923,MAT704131J2K24925,BITTUSINGH,SBE592304081K63737037
5003581914,BR02PA6652,MAGICEXPRESS,MAT445163JVA00694,ARUNPRASAD,8LTDICRAIL08ARYS00325
5003582011,BR02GB3769,TATAACEEX,MAT445076JZK68960,ARUNDAS,275IDI07KRYSG9254
5003582966,BR03GA7197,XENONYODHA,MAT464602JSF10106,PRADUMANKUMAR,4SPCR10FRY634517
5003583193,BR45P3570,MAGICEXPRESS,MAT445163JVA00319,SATYENDRAKUMAR,8LDICRAIL08PSYSE6924
5003583239,BR02PA5979,MAGICMANTRA,MAT445164HVK48596,SANJEETKUMAR,8LTDICRAIL08KSYSB0062
5003583961,BR24GB2076,LPT3718TC,MAT541109J1F19991,BIPINKUMARSINGH,59B4S180T181F63704823
5003584080,UP67AT2236,LPT3718TC,MAT541109J1F20926,SADANANDYADAV,59B4S180T181F63707393
5003585187,BR24GA5029,ACE,MAT445554GZC13629,PERWEZKHAN,275IDI06CTYS35147
5003585452,BR24GB0395,207DI,MAT464602JSA00795,PANKAJKUMARSINGH,4SPCR10ARY602639
5003586649,BR26PA6511,ACEMAGICHT6+1,MAT445502JVF39084,ARABINDKUMARYADAV,275IDIO7FRY92608
5003588128,BR02PB1241,MAGICMANTRA,MAT445164JVK63847,MOTISAW,8LTDICRAIL08JRYSF2297
5003588178,BR02GB4294,LPK3118CRE,MAT466458J3P39069,MUKESHKUMAR,59B4S180K181L63749095
5003588288,BR24GB8037,LPT3718TC,MAT541089J1C10717,PANKAJSINGH,SBE591804081C63681490
5003600314,BR45P3741,MAGICEXPRESS,MAT445163JVE30229,KULBHUSANYADAV,8LTDICRAIL08ERYS72214
5003611521,BR03GA9097,LPT3118TC,MAT466621J5P31133,SATYENDRARAY,81L84841160
5003613257,UP67AT3983,LPT3718TC,MAT541068K1C06176,MAMTASINGH,SBE591804091C63773763
5003615154,BR24GA5902,ACEMEGA,MAT535002GVJ46501,PINTUKUMARSINGH,8LTDICRAIL06JTYSA2429
5003621266,BR26PA6533,WINGERSCHOOLCV,MAT460091JUN06716,SHIVENDRAKUMAR,22LDCOR11KRYJ22685
5003622104,BR25GA0232,LPT3718TC,MAT541109J1J29422,SANJAYKUMARSHARMA,59B4S180T181J63732796
5003622373,BR25G9791,LPT1412,MAT544061J7F12704,RAVIKESHSHARMA,497TC41FRY818980
5003643999,BR02PA9105,MAGICEXPRESS,NAT445163JVK64329,RUBIDEVI,8LTDICRAIL08KRYSF3699
5003644161,BR24GA8599,XENONYODHA,MAT464607HSJ11214,KRIPAKUMAR,4SPCR10JSY632935
5003644217,BR26GA7793,ACEGOLD,MAT445075KZA05625,RAMASHISHYADAV,275IDI07APYS13684
5003644786,BR24PA3723,MAGICEXPRESS,MAT445163JVK68724,SANTOSHKUMARSHARMA,8LTDICRAIL08KRYSG3799
5003644866,BR02PB1612,ACEMAGICHT6+1,MAT445502JVP83301,RAJESHKUMAR,275IDI07PRYSK9302
5003645615,BR02PA7290,MAGICEXPRESS,MAT445163JVD24867,MOHAMMADALAUDDINALAM,8LTDICRAIL08DRYS59531
5003647121,BR24PA0198,MAGICEXPRESS,MAT445163HVJ41057,AMARJEETSINGH,8LTDICRAIL08JSYS94577
5003648260,BR02GB5622,ACEHT,MAT445553JVG48908,MSVISHNUENTERPRISES,275IDI07GRYSB6319
5003649936,BR24PA0882,MAGICEXPRESS,MAT445163JVA00750,LALBABUSINGH,8LTDICRAIL08ARYS00326
5003650186,BR45P3880,TATAMAGIC8SEAT,MAT445502JVH55312,RAJKUMARPANDEY,275IDI07HRYSD1230
5003650288,BR24PA2809,MAGICEXPRESS,MAT445163JVG48257,MOHANKUMARDUBEY,8LTDICRAIL08GRYSB4377
5003650775,BR03GA7297,XENONPICKUP,MAT464604JSC04405,JITENDRABHAGAT,4SPCR10CRY617559
5003654186,BR24GA6305,LPK3118TC,MAT466126G3N26657,PANKAJSINGH,B591803261L63555418
5003656514,BR22P9783,MAGICEXPRESS,MAR445163JVK68728,RAMDULARSINGH,08LTDICRAIL08KRYSG364
5003656594,BR24GB7643,XENONYODHA,MAT464607JSF10740,MANOJKUMARSHARMA,4SPCR10FRY635909
5003661860,BR24GB7848,ACEMEGA,MAT535001KZA04966,MAHENDRASINHA,8LTDICRAIL08APYS11432
5003662688,BR24GA8588,ACEZIPXL,MAT491014H6E08648,DINESHCHOUDHARI,G600WIVDS7E8702541
5003662859,BR24GB3717,LPT3718TC,MAT541109J1K31836,SHIVPRASADRAM,59B4S180T181K63739296
5003670638,BR24GA8037,LPT3718TC,MAT541024H1H16711,PANKAJSINGH,SBE591804071H63616504
5003695458,BR26GA9066,LPT3718TC,MAT541068J1D12587,MOHITSINGH,91804081D63685163
5003699316,BR27P1725,ACEMAGICHT6+1,MAT445502JVH54598,SANDIPPRASADYADAV,275IDI07HRYSC9844
5003699767,BR24GA5259,LPK2518HD,MAT448181G2F14795,MANOJKUMAR,B591803261F63527463
5003701136,BR02PB0951,MAGICEXPRESS,MAT445163KVB08176,LALITADEVI,8LTDICRAIL08BPYS19114
5003701829,BR03GA7825,ACEMEGAXL,MAT535051JYK25569,ARUNSINGH,8LTDICRAIL08KRYSF6731
5003702078,BR24GB6230,ACEGOLD,MAT445075KVH48889,PARWEJHASMI,275IDI07HPYSB8893
5003704017,BR45GA3149,LPT3718TC,MAT541109J1J27934,SUNILKUMARSINGH,59B4S180T181J63728833
5003704138,BR24GB6656,ACEGOLD,MAT445075KVK58563,DEVMURATRAM,275IDI07KPYSD8435
5003705286,UP65GT4908,LPT3718TC,MAT541089J1D14402,ASHOKYADAV,SBE591804081D63689647
5003705567,UP67AT5341,XENONYODHA,MAT464602KSJ11647,DEEPAKSINGH,4SPCR10JPY636485
5003705717,BR24GB7696,XENONYODHAECO,MAT464671KSP15104,OMPRAKASHPANDEY,4SPCR10PPY647262
5003705857,BR24GA9534,MAGICMANTRA,MAT445164HVH39053,CHANDANKUMAR,8LTDICRAIL08HSYS90360
5003705911,BR24GB5994,ACEHT,MAT445553JVC15730,BHAIRVKUMAR,275IDI07CRYS37292
5003706514,UP67AT5042,TATAMAGIC7SEAT,MAT445502KVB10054,BHIMKUMAR,275IDI07BPYS24095
5003707645,BR03PA6132,MAGICEXPRESS,MAT445163JVD24172,DILIPKUMARSINGH,8LTDICRAIL08DRYS58009
5003708567,JH02AX9668,LPK3118TIPPER,MAT466458J3G23767,AVINASHKUMAR,59B4S180K181G63715422
5003716214,BR21GB1915,LPT3718TC,MAT541109J1K33035,DILIPDATDIWAKAR,59B4S180T181K63742145
5003716274,BR02PA6487,MAGICEXPRESS,MAT445163HVP62285,RAMPRAVESHYADAV,8LTDICRAIL08PSYSE1803
5003717307,BR26GA9514,ACEGOLD,MAT445075KZN53505,UMESHYADAV,275IDI07NPYSF2284
5003726491,BR02PA7640,MAGICMANTRA,MAT445164JVE33812,JIGARKUMAR,8LTDICRAIL08ERYS80368
5003729039,BR29GA7461,SIGNA4018,MAT447264J5P31280,ASHOKKUMARSINGH,81K84832593
5003737318,BR24GB7224,ACEGOLD,MAT445075KVP68101,CHANARDHANRAM,275IDI07PPYSG4953
5003749238,BR24PA2810,MAGICEXPRESS,MAT445171KVE31951,MONAUSHADKURAISI,8LTDICRAIL08EPYS75161
5003749949,BR02GB0926,ACEMEGA,MAT535001JZD27325,GOPALPRASAD,8LTDICRAIL08DRYS65134
5003756494,BR26GA5066,LPT3718TC,MAT541068J1H25346,NAVNITKUMARSINGH,SBE591804081H63722527
5003757042,BR45GA4136,LPT3718TC,MAT541109J1N34767,JITENDRAPRASADGUPTA,59B4S180T181L63746451
5003762080,BR02PB0728,MAGICEXPRESS,MAT445163JVN73967,CHITRANJANKUMARGUPTA,8LTDICRAIL08NRYSH7095
5003764910,BR02PA6296,TATAMAGIC8SEAT,MAT445502HDP01531,DHARMESHKUMAR,275IDI07PSYSD9499
5003774703,BR02PA8268,MAGICEXPRESS,MAT445163JVF39079,PRABHATKUMAR,8LTDICRAIL08FRYS93037
5003776343,BR02PB0385,WINGERSCHOOLCV,MAT460091JUN06705,RAJESHKUMAR,22LDICOR11KRYJ22524
5003776821,BR02GB1770,207,MAT478014JSF08956,MDQUAYAMTELAR,4SPCR10ERY630410
5003781862,BR02GB4046,XENONYODHAECO,MAT464607JSP18805,PRAVINKUMARSINGH,4SPCR10NRY662146
5003784274,UP67AT4070,TATAXENONTRUCK,MAT464602KSA00012,SUGRIVRAM,4SPCR10PRY66420
5003796464,BR02GB1372,ACEZIPXL,MAT491014H6N25510,BRAJMOHANSINGH,G600WIVDS7L8779690
5003796468,BR02PB0140,ACEMAGICHT6+1,MAT445502JVD25058,SIBUKUMAR,275IDI07DRYS59581
5003805243,BR02GB2039,ACEXL,MAT445483JVF35423,KUNDANKUMAR,275IDI07FRYS84645
5003805407,BR02GB2336,TATAACEEX,MAT445076JZE31112,VINODKUMAR,275IDI07ERYS74860
5003805678,BR02PA7894,MAGICEXPRESS,MAT445163JVE29225,MOHAMMADANISURRAHMAN,8LTDICRAIL08ERYS70276
5003808047,BR02PA6264,MAGICMANTRA,MAT445164HVJ45168,JITESHKUMAR,8LTDICRAIL08JSYSA2631
5003809493,BR25G6958,LPT1613,MAT373370G2F14893,SHAILENDRAKUMAR,697TC69FTY107776
5003815717,BR02PB0343,MAGICEXPRESS,MAT445163KVB08228,ASHOKKUMAR,8LTDICRAIL08BPYS51929
5003822640,BR24GB3938,ACEMEGA,MAT535001JZN71638,VIJAYKUMARSINGH,8LTDICRAIL08NRYSH4677
5003825256,BR27G5402,ACEMEGAXL,MAT535051JZD22557,ARVINDKUMAR,8LTDICRAIL08DRYS53441
5003826711,BR02GB6791,ACEGOLD,MAT445075KVN64206,KAUSHLENDRAKUMAR,275IDI07NPYSF2566
5003827542,BR02GB0296,ACEXL,MAT445483JZC20377,MOHAMMADNEHALQURAISHI,275IDI07CRYS48763
5003827613,BR02GA9688,ACEZIPXL,MAT491014H6G12787,MOHAMMADSAHNNAJKHAN,G600WIVDS7G8725812
5003829269,BR02GB2239,TATA207DIRX,MAT478014JSD05192,RAJKUMARSAW,4SPCR10DRY619702
5003830029,BR24PA2054,MAGICEXPRESS,MAT445163JVN76790,SHIVJEEYADAV,8LTDICRAIL08NRYSJ3159
5003831812,BR24GB5484,ACEMEGA,MAT535001KZB06755,LAXMANPRASAD,8LTDICRAIL08BPYS15676
5003836285,UP67AT4140,XENONYODHA,MAT464602KSB01273,VEDVYASGUPTA,4SPCR10BPY605067
